<application>
  <component name="FeatureSuggesterSettings">
    <option name="workingDays">
      <list>
        <option value="1656974239246" />
        <option value="1660949977237" />
        <option value="1661103539612" />
        <option value="1661180150739" />
        <option value="1661291766282" />
        <option value="1661558683978" />
        <option value="1661784720637" />
        <option value="1664817898508" />
        <option value="1664941470421" />
        <option value="1664983056864" />
        <option value="1665155176061" />
        <option value="1665438150470" />
        <option value="1665531117000" />
        <option value="1665584279196" />
        <option value="1665760969207" />
        <option value="1665873025395" />
        <option value="1666019921479" />
        <option value="1666469484538" />
        <option value="1666548913009" />
        <option value="1666724381474" />
        <option value="1667057717834" />
        <option value="1667664609781" />
        <option value="1668198115158" />
        <option value="1668276551250" />
        <option value="1668443339752" />
        <option value="1668526748941" />
        <option value="1668887091649" />
        <option value="1669008398748" />
        <option value="1669045433060" />
        <option value="1669147319624" />
      </list>
    </option>
  </component>
</application>